{
    "accuracy": 0.7884615384615384,
    "precision": 0.749034749034749,
    "recall": 0.9948717948717949,
    "f1_score": 0.8546255506607929,
    "roc_auc": 0.9463894367740522
}