{
    "accuracy": 0.8381410256410257,
    "precision": 0.8081023454157783,
    "recall": 0.9717948717948718,
    "f1_score": 0.8824214202561118,
    "roc_auc": 0.9323909708525092
}