{
    "accuracy": 0.8381410256410257,
    "precision": 0.8067940552016986,
    "recall": 0.9743589743589743,
    "f1_score": 0.8826945412311266,
    "roc_auc": 0.9359467455621302
}