{
    "train_loss": [
        0.38930328901259953,
        0.2840832393360502,
        0.2564705913417212,
        0.22684863423004406,
        0.25068569419379455,
        0.19461139988239484,
        0.17159616401177327,
        0.19515873517357665,
        0.16261273144765664,
        0.16172537345524507,
        0.15957876057399592,
        0.15784413538133826,
        0.14490801027712932,
        0.1604986966281902,
        0.1369816902171792,
        0.11492211198192516,
        0.11449935865936843,
        0.10960720837798738,
        0.11260218391521969,
        0.10180235884458054
    ],
    "train_acc": [
        0.8276081424936387,
        0.8909828244274809,
        0.9048187022900763,
        0.9107824427480916,
        0.8986164122137404,
        0.9241412213740458,
        0.9353530534351145,
        0.9262881679389313,
        0.9343193384223918,
        0.9354325699745547,
        0.9370229007633588,
        0.9388517811704834,
        0.9441793893129771,
        0.9348759541984732,
        0.9482347328244275,
        0.95308524173028,
        0.9544370229007634,
        0.9553912213740458,
        0.9570610687022901,
        0.9615935114503816
    ],
    "val_loss": [
        0.27436060232646536,
        0.40811853697805694,
        0.44855782434795843,
        0.23977435876925787,
        0.31324286939519824,
        0.14849104980627695,
        0.12641144013314537,
        0.3902500560789397,
        0.2428563307180549,
        0.19111685725775632,
        0.1829135398747343,
        0.14253282439753864,
        0.11945426898698012,
        0.1158456379039721,
        0.19827655680251843,
        0.13055593215606429,
        0.1007933071391149,
        0.08131816576827657,
        0.14284224895703973,
        0.12919824401086027
    ],
    "val_acc": [
        0.912310606060606,
        0.7619318181818182,
        0.7276515151515152,
        0.8928030303030302,
        0.803219696969697,
        0.9261363636363636,
        0.9384469696969697,
        0.7795454545454545,
        0.8458333333333333,
        0.8914772727272727,
        0.9479166666666666,
        0.9287878787878787,
        0.9318181818181818,
        0.9460227272727273,
        0.8914772727272727,
        0.9236742424242425,
        0.9479166666666666,
        0.9630681818181818,
        0.9611742424242424,
        0.9265151515151515
    ]
}