Class,Count,Percentage
NORMAL,1583,27.03210382513661
PNEUMONIA,4273,72.96789617486338
