{
    "accuracy": 0.7724358974358975,
    "precision": 0.7755555555555556,
    "recall": 0.8948717948717949,
    "f1_score": 0.830952380952381,
    "roc_auc": 0.8576813499890423
}