{
    "accuracy": 0.7964743589743589,
    "precision": 0.7645875251509054,
    "recall": 0.9743589743589743,
    "f1_score": 0.8568207440811725,
    "roc_auc": 0.9161078238001317
}