Split,NORMAL,PNEUMONIA,Total,Dataset %
test,234,390,624,10.655737704918032
train,1341,3875,5216,89.07103825136612
val,8,8,16,0.273224043715847
