{
    "train_loss": [
        0.5052833871077035,
        0.42143815903718235,
        0.39153103069722195,
        0.37372417429476296,
        0.3584043964288617,
        0.34081830675820357,
        0.3289351855184286,
        0.31762766656074815,
        0.3042505978969217,
        0.282013057411172,
        0.2595514371877408,
        0.2481267855481337,
        0.2588167837216654,
        0.2515677173287814,
        0.25100160503887947,
        0.23928264312389244,
        0.24133782327630138,
        0.23741429572114509,
        0.22907978048875133,
        0.21126554553745358
    ],
    "train_acc": [
        0.7611323155216284,
        0.8210877862595419,
        0.832458651399491,
        0.8466125954198473,
        0.84764631043257,
        0.8581424936386769,
        0.8663326972010178,
        0.8672868956743002,
        0.8733301526717557,
        0.8872455470737913,
        0.8932888040712468,
        0.9033874045801527,
        0.8973441475826972,
        0.9006043256997456,
        0.900365776081425,
        0.9089535623409669,
        0.9052958015267175,
        0.9059319338422391,
        0.9120547073791349,
        0.9177003816793893
    ],
    "val_loss": [
        0.40629562148542114,
        0.36639692611766583,
        0.3395113529581012,
        0.2981638154297164,
        0.27018447897650977,
        0.3944810470848372,
        0.273358875829162,
        0.48533768184257275,
        0.4637691694678682,
        0.19016100353363788,
        0.18959963231375723,
        0.19644102115522732,
        0.43196225437251007,
        0.17686509668375505,
        0.16512975943359462,
        0.171543585080089,
        0.18968934610937582,
        0.20092253838524674,
        0.1859164654531262,
        0.12758721524115765
    ],
    "val_acc": [
        0.8464015151515151,
        0.825189393939394,
        0.8189393939393939,
        0.8738636363636363,
        0.8871212121212121,
        0.8820075757575757,
        0.8621212121212121,
        0.6922348484848485,
        0.6839015151515152,
        0.9128787878787878,
        0.9195075757575758,
        0.887689393939394,
        0.7481060606060606,
        0.9009469696969696,
        0.9204545454545454,
        0.9128787878787878,
        0.8895833333333333,
        0.890530303030303,
        0.8958333333333334,
        0.9441287878787878
    ]
}