{
    "train_loss": [
        0.10432353654862132,
        0.09376629056650719,
        0.09607924231619552,
        0.09982703941099288,
        0.10058581878836373,
        0.09749853708390288,
        0.09533104782511714,
        0.09195548205686208,
        0.08030755861790297,
        0.08699164853808079,
        0.08302624697818328,
        0.08034101310221635,
        0.07960640025709023,
        0.08303851422050414,
        0.08148345588670887,
        0.07876047711705661,
        0.08107624437574668,
        0.08104235674467876,
        0.07959965470367829,
        0.08226488310957455
    ],
    "train_acc": [
        0.961354961832061,
        0.9630248091603053,
        0.9642175572519084,
        0.9599236641221374,
        0.9627067430025444,
        0.9625477099236641,
        0.9635019083969466,
        0.9647741730279898,
        0.9711354961832062,
        0.9657283715012723,
        0.9685114503816794,
        0.9716125954198473,
        0.9716125954198473,
        0.9701812977099237,
        0.9666825699745547,
        0.9689090330788803,
        0.9699427480916031,
        0.9704198473282443,
        0.9716125954198473,
        0.9690680661577609
    ],
    "val_loss": [
        0.06265915283989726,
        0.07734073944051158,
        0.0642474006409898,
        0.05402872564666199,
        0.077317610044371,
        0.06563058131459085,
        0.05868054656876308,
        0.09492653518012076,
        0.17156419869173656,
        0.05869495794600384,
        0.051350169222463264,
        0.12146629728941304,
        0.15660090434054533,
        0.08361497061383544,
        0.052497698149333395,
        0.08279747609049082,
        0.06100850945310385,
        0.0766819439489733,
        0.06179648918579474,
        0.07625174195025906
    ],
    "val_acc": [
        0.9791666666666666,
        0.9696969696969697,
        0.978219696969697,
        0.9820075757575758,
        0.9715909090909091,
        0.9763257575757576,
        0.9867424242424242,
        0.9621212121212122,
        0.9384469696969697,
        0.9772727272727273,
        0.9810606060606061,
        0.9535984848484849,
        0.9431818181818182,
        0.9696969696969697,
        0.9839015151515151,
        0.9678030303030303,
        0.978219696969697,
        0.9715909090909091,
        0.978219696969697,
        0.9678030303030303
    ]
}